OBJECTID,STATE,COUNTY,TRACT,TRACT_NO,FIPS,tract_string,statename,countyname,Mean_UHI_2017,Mean_TWI_2014,Carbon_Lbs_Tract,Carbon_Lbs_Acre,Index_UHI_TWI,Shape__Area,Shape__Length
2,41,051,001202,12.02,41051001202,41051001202,Oregon,Multnomah County,1.57992411119171,7.45592680595704,6280444.20990134,27216.151596742,0.19543980762928,10051976.4541016,13183.4956160289
3,41,051,001301,13.01,41051001301,41051001301,Oregon,Multnomah County,2.3453200980661,8.10662982162421,4292183.14129043,23322.1372013829,1.0522783941062,8016738.51318359,11379.4328456645
4,41,051,001302,13.02,41051001302,41051001302,Oregon,Multnomah County,2.16954475457198,8.55698066610631,4307820.77256129,23002.9698048324,1.42807526461026,8157583.66992188,11432.8565876951
5,41,051,001400,14,41051001400,41051001400,Oregon,Multnomah County,3.04285659620622,8.33989014308577,5701294.06939528,18984.5396397885,1.48972160997478,13081609.5473633,16292.6932466658
6,41,051,001500,15,41051001500,41051001500,Oregon,Multnomah County,0.951921928475756,7.12017314841732,6288204.96220275,25947.3616325715,-0.318437133634476,10556532.9775391,13643.7987805419
7,41,051,001601,16.01,41051001601,41051001601,Oregon,Multnomah County,-0.199782202814174,7.1176566652566,32788792.710765,45070.683003548,-0.675441246817299,31689770.8295898,23029.3866851041
8,41,051,001602,16.02,41051001602,41051001602,Oregon,Multnomah County,3.81619624586636,10.6595533752797,7001642.95456304,17005.2564802494,3.94223980917647,17935132.546875,17382.41998826
9,41,051,001701,17.01,41051001701,41051001701,Oregon,Multnomah County,3.91271046157207,8.30926475457007,8023543.38246899,16037.5260002543,1.72830784509953,21792981.7368164,21581.6779068077
10,41,051,001702,17.02,41051001702,41051001702,Oregon,Multnomah County,3.43392844601981,8.82934084171576,5918196.54990681,17676.7055500473,2.07737260843298,14583973.6181641,19673.4901080652
11,41,051,001801,18.01,41051001801,41051001801,Oregon,Multnomah County,3.02971332500203,7.97043911251782,5450046.01007135,18873.0860392934,1.13298710645159,12578969.6977539,23861.1058214404
12,41,051,001802,18.02,41051001802,41051001802,Oregon,Multnomah County,1.47516486607027,7.26214405951069,6001820.0354392,22432.2080344617,-0.0218050101666841,11654637.1645508,17277.3469611503
13,41,051,001900,19,41051001900,41051001900,Oregon,Multnomah County,-0.034286382149237,7.09955957205369,17585253.6525071,39711.9757991708,-0.641762184000355,19289233.0644531,18862.2695647954
14,41,051,002000,20,41051002000,41051002000,Oregon,Multnomah County,2.89167703765793,7.55785647057175,7393851.38515979,20568.4947191997,0.696624315502954,15658711.3764648,18269.1024637385
15,41,051,002100,21,41051002100,41051002100,Oregon,Multnomah County,4.16885986587041,7.99613817038601,5675925.57877696,13198.8892016293,1.50825552600005,18732128.6191406,21977.2003606493
16,41,051,002401,24.01,41051002401,41051002401,Oregon,Multnomah County,-0.480788736740324,8.11477424944761,8320488.88946244,39959.0559213594,0.189913733638649,9070295.42236328,12591.5297788094
17,41,051,002402,24.02,41051002402,41051002402,Oregon,Multnomah County,3.2092241023137,8.22647807548469,4848068.13119,22343.7140183251,1.43267884903764,9451509.58789063,13794.8816235214
18,41,051,002501,25.01,41051002501,41051002501,Oregon,Multnomah County,0.369083074053476,9.69531536125639,9807024.84106599,29657.2036923473,1.96041002576667,14404390.6879883,15280.364845271
19,41,051,002502,25.02,41051002502,41051002502,Oregon,Multnomah County,1.76522729367626,8.09458140980813,7160024.44660477,26359.2588850214,0.862170059607679,11832298.9160156,14095.1707280986
20,41,051,002600,26,41051002600,41051002600,Oregon,Multnomah County,1.01427193465119,8.64010818212976,6555316.37431779,26058.0075043157,1.15173041621164,10958226.4458008,15430.2256810581
21,41,051,002701,27.01,41051002701,41051002701,Oregon,Multnomah County,1.6724335452703,7.90491135594018,5187959.19639793,23004.1086462065,0.652535421995881,9823787.42138672,12764.6590212227
22,41,051,002702,27.02,41051002702,41051002702,Oregon,Multnomah County,3.27586081551954,7.76362638687929,3768028.28448711,17793.8975825405,1.01134530370746,9224246.06787109,14113.6429845962
23,41,051,002801,28.01,41051002801,41051002801,Oregon,Multnomah County,3.22102619013758,7.80460734973423,3987048.29397157,17596.7015022876,1.03358361538248,9869793.17480469,12838.9865362538
24,41,051,002802,28.02,41051002802,41051002802,Oregon,Multnomah County,3.14054696956544,8.87617281416374,5504732.05981562,22672.8234283545,2.03174950838568,10575925.7880859,13987.215096771
25,41,051,002901,29.01,41051002901,41051002901,Oregon,Multnomah County,2.84323682706773,8.07468845770209,6737196.30815077,17751.146194805,1.17509146804935,16532579.3227539,18533.6156292211
26,41,051,002902,29.02,41051002902,41051002902,Oregon,Multnomah County,1.9875483971474,9.02866800741458,13004670.1102915,20871.3853415567,1.82232511492106,27141627.0424805,26255.5827066752
27,41,051,003000,30,41051003000,41051003000,Oregon,Multnomah County,1.83833265856886,8.19698568331619,8617025.5932387,21365.7729737776,0.982436543815659,17568172.550293,18600.3935825279
28,41,051,003100,31,41051003100,41051003100,Oregon,Multnomah County,2.14618218370548,7.71578848604415,6436003.68967366,20271.8191696329,0.617857660149027,13829655.9941406,16968.9506292009
29,41,051,003200,32,41051003200,41051003200,Oregon,Multnomah County,1.86024992121091,8.10393118282844,5911054.38917565,20886.2168243758,0.900352417611571,12328010.4604492,16389.5429332959
30,41,051,003301,33.01,41051003301,41051003301,Oregon,Multnomah County,2.73735822304486,7.65569875532618,2932011.55851418,16007.7871613322,0.742513457175283,7978517.38037109,11285.9350867367
31,41,051,003302,33.02,41051003302,41051003302,Oregon,Multnomah County,1.82146611908818,8.63265663127863,3606266.0000576,20775.2785825277,1.39314652668265,7561339.03613281,11151.3234973999
32,41,051,003401,34.01,41051003401,41051003401,Oregon,Multnomah County,2.72322645367316,8.03594161576952,4085133.18709495,17325.4644562809,1.10115233041101,10270915.3813477,13024.1987299409
33,41,051,003402,34.02,41051003402,41051003402,Oregon,Multnomah County,2.27407988968429,8.20731966314228,3506549.99426798,18353.9784242388,1.12646522287113,8322190.07714844,11973.7191187948
34,41,051,003501,35.01,41051003501,41051003501,Oregon,Multnomah County,1.54675335561322,7.23844919810638,8221747.67121965,25885.0732490587,-0.022383149634107,13835745.4375,16745.9532944923
35,41,051,003502,35.02,41051003502,41051003502,Oregon,Multnomah County,1.09432657074111,6.9743065894305,8161066.12076702,27250.8405315652,-0.413839816868413,13045322.4790039,17810.0993290054
36,41,051,003601,36.01,41051003601,41051003601,Oregon,Multnomah County,3.07239590479323,8.22394863437053,6323347.11751855,15666.7037774789,1.38813571269852,17581552.034668,18407.3775576363
37,41,051,003602,36.02,41051003602,41051003602,Oregon,Multnomah County,1.7094421448696,8.35031503475677,11381200.2766816,20789.484306111,1.08912431481684,23846912.9418945,20977.9128356783
38,41,051,003603,36.03,41051003603,41051003603,Oregon,Multnomah County,1.8726007121883,8.11066817654681,4414795.13373749,19395.2075585621,0.91058645492811,9915256.2734375,14995.165873733
39,41,051,003701,37.01,41051003701,41051003701,Oregon,Multnomah County,3.25041585081892,8.57708381861896,5747807.66829827,15759.8602598688,1.78005907392752,15886845.8891602,16144.2250382977
46,41,051,005100,51,41051005100,41051005100,Oregon,Multnomah County,3.09095942452365,9.20062872385988,2854498.2203376,8150.12274878037,2.32621608421477,15256448.3393555,17489.3455508079
47,41,051,005200,52,41051005200,41051005200,Oregon,Multnomah County,2.67002908058112,7.47887938000771,3331678.23583409,21509.1953165589,0.5529867968122,6747248.33203125,11010.5876881476
51,41,051,005500,55,41051005500,41051005500,Oregon,Multnomah County,-1.08039495527601,6.15801765786433,3405047.50414873,36847.4489050718,-1.8626728007615,4025349.171875,10215.0456781054
52,41,051,005600,56,41051005600,41051005600,Oregon,Multnomah County,1.21574830488725,6.86077183216542,3285615.66186467,27023.9047825428,-0.484838195874788,5296103.59326172,9717.26606067317
53,41,051,005700,57,41051005700,41051005700,Oregon,Multnomah County,1.55937462228433,7.21807159290924,6307929.25945001,16518.8489215493,-0.037950152018158,16633929.1523438,16557.541447418
54,41,051,005800,58,41051005800,41051005800,Oregon,Multnomah County,-6.03893594669573,4.8758467815524,83571316.9116777,88997.0842157679,-4.61336802133339,40904330.1162109,45659.4417679071
55,41,051,005900,59,41051005900,41051005900,Oregon,Multnomah County,0.420835863533667,7.3409086103501,20171265.2726596,24641.9586185723,-0.271234951392849,35657076.3623047,36506.206916832
62,41,051,009605,96.05,41051009605,41051009605,Oregon,Multnomah County,3.3740859102847,8.19121172035414,15305290.1649051,23371.7293790575,1.44977246958907,28525846.4121094,21620.1998131515
68,41,051,007300,73,41051007300,41051007300,Oregon,Multnomah County,3.20240985180557,11.9775974437237,65405915.9040812,8478.02929540599,5.01149910845943,336054671.871094,98150.2208759077
69,41,051,009604,96.04,41051009604,41051009604,Oregon,Multnomah County,4.59599599284017,9.02802800294743,8915674.49607804,16059.6030578527,2.62483729325161,24182835.2124023,24758.5137606874
70,41,051,010500,105,41051010500,41051010500,Oregon,Multnomah County,-10.0371689862482,6.11421126412847,1372674751.92387,73085.0354751562,-4.66222090851837,5352665072.4834,436164.420858993
73,41,051,003702,37.02,41051003702,41051003702,Oregon,Multnomah County,1.64051099550926,8.39932292214553,5549812.95725667,26453.8306272846,1.11468511899614,9138556.41748047,12203.4287800376
74,41,051,003801,38.01,41051003801,41051003801,Oregon,Multnomah County,2.50229277721671,8.34155855175404,5402993.07781389,17672.7192461508,1.32487842093022,13317381.8100586,15499.1674175311
75,41,051,003802,38.02,41051003802,41051003802,Oregon,Multnomah County,3.13104652758055,7.96354114521317,3319971.84570067,12117.2621728334,1.15760192220778,11934870.3862305,14315.9581370672
76,41,051,003803,38.03,41051003803,41051003803,Oregon,Multnomah County,2.22341046615857,8.19845282776724,5494973.00977872,18063.6097519849,1.10239993762849,13251005.8295898,15329.5314901416
77,41,051,003901,39.01,41051003901,41051003901,Oregon,Multnomah County,1.48873820807519,8.43564925001319,16648447.2077074,26714.5872161227,1.10263339635982,27146452.6860352,22593.0626748699
78,41,051,003902,39.02,41051003902,41051003902,Oregon,Multnomah County,1.32554335792225,7.82116498093162,5839260.62913216,20887.7575227381,0.465783792885734,12177380.0756836,21717.1355638504
79,41,051,004001,40.01,41051004001,41051004001,Oregon,Multnomah County,1.81336006190717,8.44192465709141,10147812.0739527,22345.5979157259,1.20857291160193,19781911.4360352,21514.5775603932
80,41,051,004002,40.02,41051004002,41051004002,Oregon,Multnomah County,1.10904102206797,7.50877464898192,14214530.0414336,18266.0661126577,0.100908087208604,33898095.2363281,24817.2971645989
81,41,051,004101,41.01,41051004101,41051004101,Oregon,Multnomah County,2.37228679292149,8.21768683372685,40329551.0128684,20826.280256495,1.166599232323,84352798.8012695,48893.8957401625
82,41,051,004102,41.02,41051004102,41051004102,Oregon,Multnomah County,1.46395713716395,7.51995015072751,12448274.3536486,23263.860730838,0.220852758641924,23308546.4682617,20713.2582715213
83,41,051,004200,42,41051004200,41051004200,Oregon,Multnomah County,2.74542017652356,7.54643099881801,7700523.52381101,13463.2836884731,0.640685770771697,24914781.0131836,25267.7873686992
84,41,051,980000,9800,41051980000,41051980000,Oregon,Multnomah County,3.84815016837388,8.84673609529134,10013366.6114632,7141.26690443605,2.22151461055288,61079105.7338867,42306.9397023065
85,41,051,004500,45,41051004500,41051004500,Oregon,Multnomah County,2.67212320128751,7.50172496584888,8934757.32246522,21237.5148667635,0.575440566116827,18325965.8544922,30633.4406680054
86,41,051,004601,46.01,41051004601,41051004601,Oregon,Multnomah County,-7.48956618661743,5.20827456431316,97556810.3456182,110784.845406359,-4.74266273031857,38358803.4545898,28247.4125086067
87,41,051,004602,46.02,41051004602,41051004602,Oregon,Multnomah County,-6.22140655808776,5.36206988565624,29036728.3769121,82951.5469510184,-4.2053879647859,15247934.3745117,24079.7219224528
88,41,051,004700,47,41051004700,41051004700,Oregon,Multnomah County,1.12282880471677,7.44102595249812,4428773.53416775,25429.8165305599,0.0404785433926395,7586266.27099609,16660.4372928485
89,41,051,004800,48,41051004800,41051004800,Oregon,Multnomah County,2.12298252372394,8.04054915100738,1898171.67222518,25859.8663975991,0.920739812482264,3197400.37304688,8490.33233268522
90,41,051,004900,49,41051004900,41051004900,Oregon,Multnomah County,3.15626585913486,8.29823254112669,2867248.14227664,21269.5898796074,1.48487209020566,5872107.34033203,15452.4955052945
91,41,051,005000,50,41051005000,41051005000,Oregon,Multnomah County,4.20414657685702,9.20032577332345,1423462.5426706,7766.34586319085,2.66866957706781,7983937.5,15714.9068713695
96,41,051,006300,63,41051006300,41051006300,Oregon,Multnomah County,-7.38019619662064,5.89043648484486,210801400.640069,98158.656349994,-4.05777854636826,93547611.6083984,44591.7976331409
97,41,051,006402,64.02,41051006402,41051006402,Oregon,Multnomah County,-5.40788208795348,5.93930300786675,131376098.234296,91674.582593579,-3.40386726248469,62424523.5209961,39150.4581856001
98,41,051,006801,68.01,41051006801,41051006801,Oregon,Multnomah County,-2.75572104444969,6.83677042034728,21923972.8294009,62424.3421891711,-1.73053878515903,15298649.6171875,15320.1632917225
99,41,051,007400,74,41051007400,41051007400,Oregon,Multnomah County,1.64143620705118,8.50085469345462,7823663.10278531,21789.3076961392,1.21189491470509,15640640.0361328,18685.3852058619
100,41,051,007500,75,41051007500,41051007500,Oregon,Multnomah County,2.04250731621122,8.70227204915481,10427357.4531346,19545.3156855186,1.5276603263929,23239104.5576172,22150.8581487804
101,41,051,007600,76,41051007600,41051007600,Oregon,Multnomah County,2.6680321333239,8.65152862843247,6268595.8340342,15871.8284975415,1.67181411287708,17204067.0415039,17297.0803479103
102,41,051,007700,77,41051007700,41051007700,Oregon,Multnomah County,3.911859185846,8.12103956517501,3625605.13383773,13344.3334372797,1.54836097096212,11835086.4003906,17980.5907775867
103,41,051,007900,79,41051007900,41051007900,Oregon,Multnomah County,2.53545559394152,8.11335474864464,8889992.48485132,17840.5384775705,1.11723960482465,21706072.4501953,20251.3605890685
104,41,051,008001,80.01,41051008001,41051008001,Oregon,Multnomah County,1.88826583757335,7.63565756074858,8640668.60611158,24340.3335383145,0.461951871627329,15463530.0390625,16705.8179000872
105,41,051,008002,80.02,41051008002,41051008002,Oregon,Multnomah County,2.83117506124206,8.15135502177764,6501024.95735447,19797.193185271,1.24456567421859,14304280.8779297,15748.2910868312
106,41,051,008100,81,41051008100,41051008100,Oregon,Multnomah County,3.88505185310786,8.64574983652443,13128443.8104667,18924.6262837568,2.04100955804777,30218559.4248047,24554.149814341
107,41,051,008201,82.01,41051008201,41051008201,Oregon,Multnomah County,4.60892251696371,9.81975833325794,7157163.22640069,13739.8487875061,3.38462411307091,22690642.2944336,21970.5701395152
108,41,051,008202,82.02,41051008202,41051008202,Oregon,Multnomah County,3.8236978919873,8.73369419975125,13316376.8894476,22713.7339316341,2.10607312203283,25537910.3696289,22705.8256782708
109,41,051,006802,68.02,41051006802,41051006802,Oregon,Multnomah County,-3.01583262984317,6.503540960152,31683905.2752545,57598.8819052777,-2.12873506609026,23961415.5556641,23613.3289658858
110,41,051,006900,69,41051006900,41051006900,Oregon,Multnomah County,-7.05172178882958,5.25612351149794,109675561.858978,93753.1367677298,-4.56217556235641,50957941.777832,33895.5557015215
111,41,051,007000,70,41051007000,41051007000,Oregon,Multnomah County,-9.22671068910299,5.39434144811354,985685603.161717,110752.40035888,-5.09989322479608,387679720.326172,151817.391899473
112,41,051,007201,72.01,41051007201,41051007201,Oregon,Multnomah County,-3.44513482498216,7.89078436748465,87344799.3508299,28808.5008382304,-0.936614816450743,132096818.89209,76330.1916159054
113,41,051,008600,86,41051008600,41051008600,Oregon,Multnomah County,4.34187465734649,8.91413885601193,5225807.20036526,16455.6457269265,2.43787346623285,13833315.0078125,15758.4505497125
114,41,051,008902,89.02,41051008902,41051008902,Oregon,Multnomah County,-0.393176641013656,7.68624457003191,29295324.2899191,39260.7199341615,-0.192196932258081,32503330.7626953,23785.5534583411
115,41,005,023902,239.02,41005023902,41005023902,Oregon,Clackamas County,,,,,,362704405.088867,119037.964523228
116,41,051,008901,89.01,41051008901,41051008901,Oregon,Multnomah County,-4.7423716468087,6.83960290074996,159935781.208918,66491.282235949,-2.33951093347842,104777672.06543,53189.4166112342
117,41,051,009201,92.01,41051009201,41051009201,Oregon,Multnomah County,3.91361808648068,8.46807353556511,15762782.9041046,23910.7737628953,1.8801903828936,28716207.5493164,21975.8076206702
118,41,051,008301,83.01,41051008301,41051008301,Oregon,Multnomah County,4.19578395593709,8.60158630748249,6559664.0640252,16371.2022463296,2.09452216413277,17453753.652832,17740.3253819362
119,41,051,008302,83.02,41051008302,41051008302,Oregon,Multnomah County,1.19113108368227,7.64290174228182,22040529.4652987,39844.9327213585,0.254224345511596,24095544.425293,20418.5037489231
120,41,051,008400,84,41051008400,41051008400,Oregon,Multnomah County,3.24250627968432,8.57231929832305,8392427.79586945,26186.9213986319,1.77307543336528,13960178.7548828,15824.3376411628
121,41,051,008500,85,41051008500,41051008500,Oregon,Multnomah County,1.80969848851599,10.2306919966799,12175096.1483231,22428.1239052965,2.91505041789946,23646521.8359375,20036.4932833778
122,41,051,008700,87,41051008700,41051008700,Oregon,Multnomah County,2.74199348780709,8.81011250616693,9247800.17435506,22282.9162304266,1.84597469486414,18078159.9975586,19496.4382860179
123,41,051,009000,90,41051009000,41051009000,Oregon,Multnomah County,2.84000710533946,9.66550151779279,18023427.4298243,26082.2324494625,2.69272951815697,30100966.5961914,24423.2924593028
124,41,051,009102,91.02,41051009102,41051009102,Oregon,Multnomah County,-2.8612183036313,7.08121286968858,83807560.5745423,64616.7540174545,-1.52966940470007,56497063.8383789,29807.7446787651
125,41,051,009202,92.02,41051009202,41051009202,Oregon,Multnomah County,3.09553503765873,8.95024242730961,10232611.8468561,25473.2026556649,2.08859946573735,17498094.4140625,18559.3875994286
126,41,051,009603,96.03,41051009603,41051009603,Oregon,Multnomah County,3.43888631949275,8.72823648575643,9859083.32732833,22824.1885392476,1.98238219635488,18816073.7270508,20266.0516961179
127,41,051,009302,93.02,41051009302,41051009302,Oregon,Multnomah County,0.457471990962771,8.11958524579446,23783212.5997247,35307.3680011336,0.483390488525209,29342221.730957,22667.1639112244
128,41,051,009803,98.03,41051009803,41051009803,Oregon,Multnomah County,1.43848654248168,8.23257491795885,24907696.0361302,30959.24489292,0.893301094098906,35045399.7705078,24962.7523536295
129,41,051,009903,99.03,41051009903,41051009903,Oregon,Multnomah County,-2.60596088769177,6.794587745425,71805511.4231436,39673.2696630796,-1.72469736238322,78840178.9643555,42889.5438129351
130,41,051,010200,102,41051010200,41051010200,Oregon,Multnomah County,-2.48877469023289,10.5160638610592,264355570.331208,25119.703104643,1.86400354802899,458418125.995605,129656.621352852
131,41,051,010304,103.04,41051010304,41051010304,Oregon,Multnomah County,1.76436099507975,8.25514016568082,11366695.154479,21501.1467897534,1.01517699107179,23028221.9013672,24702.5258068617
132,41,051,010306,103.06,41051010306,41051010306,Oregon,Multnomah County,2.43980792083906,7.79491254376819,7820317.4933726,19085.9899444767,0.783796942942274,17848326.7426758,19437.8215797339
133,41,051,010402,104.02,41051010402,41051010402,Oregon,Multnomah County,-5.29772265023985,6.56466361554691,459959068.681538,51860.9641472649,-2.77296405702946,386337099.706543,118020.33325188
134,41,051,010407,104.07,41051010407,41051010407,Oregon,Multnomah County,-2.09400629407133,6.88588540896769,45001394.6997741,42812.0936977667,-1.47991487259501,45787541.5981445,33100.729970311
135,41,051,009400,94,41051009400,41051009400,Oregon,Multnomah County,3.30345285001404,8.4209090801731,18323542.4146396,19652.5528548581,1.64730024338472,40614235.2954102,29519.8813822308
136,41,051,009501,95.01,41051009501,41051009501,Oregon,Multnomah County,2.92030251814786,8.12249759990083,8659836.04180076,18720.5655176202,1.24445934509872,20150161.0019531,31059.2558420479
137,41,051,009701,97.01,41051009701,41051009701,Oregon,Multnomah County,4.04628909640842,9.67750466411099,8234661.61360593,18292.9150029816,3.07559400141439,19608783.8232422,18006.6389770217
138,41,051,010408,104.08,41051010408,41051010408,Oregon,Multnomah County,1.35266460269888,7.37356613759515,14089486.794551,20109.5671219111,0.046844477342035,30519700.8007813,27312.9584715076
139,41,051,007100,71,41051007100,41051007100,Oregon,Multnomah County,-7.60908459689115,7.00753596226136,1159804711.8396,65919.7126902543,-3.0618388431053,1546373889.74316,172226.580713686
140,41,051,009301,93.01,41051009301,41051009301,Oregon,Multnomah County,1.64576594435324,7.84288267903545,13887103.014535,32754.9475222824,0.585110425579625,18468114.9238281,18071.1277228153
141,41,051,010002,100.02,41051010002,41051010002,Oregon,Multnomah County,1.25341987343101,7.12339087807512,14308414.6166893,29948.8849543137,-0.222536251701155,20811274.2211914,23351.8873107294
142,41,051,006001,60.01,41051006001,41051006001,Oregon,Multnomah County,-7.60770296304308,5.20528253696841,55239899.8131054,123004.899120124,-4.78189250328148,19562226.9355469,37648.0709469302
143,41,051,006601,66.01,41051006601,41051006601,Oregon,Multnomah County,-2.62162917436872,6.34966040893441,22890362.4450991,58817.0117500512,-2.1542609900089,16952647.6586914,16963.5732868239
144,41,051,006002,60.02,41051006002,41051006002,Oregon,Multnomah County,-1.90724372218959,5.6928299807518,19936285.0928908,60713.6685571556,-2.56133440069955,14303607.25,16299.9957441333
145,41,051,006100,61,41051006100,41051006100,Oregon,Multnomah County,-3.28556539949063,5.85295413859677,25004910.8848059,62077.9470596087,-2.83285142190008,17545905.4941406,24444.2288204958
146,41,051,006200,62,41051006200,41051006200,Oregon,Multnomah County,-1.89983508859882,5.9041731305214,21315923.9393982,48692.8257356226,-2.35729954114105,19068959.9775391,26988.8416583038
147,41,051,006501,65.01,41051006501,41051006501,Oregon,Multnomah County,-2.90868874021622,6.42395531448627,57108224.8687165,63618.8383932927,-2.17172077069853,39102159.5058594,28611.0655322476
148,41,051,006502,65.02,41051006502,41051006502,Oregon,Multnomah County,-0.517591194203167,6.19072071602254,18920410.2098751,40164.6124799867,-1.65817016948245,20519878.4223633,23693.8394327337
149,41,051,006602,66.02,41051006602,41051006602,Oregon,Multnomah County,-0.356859641996297,6.25457538548106,23887562.0560647,38132.5229991609,-1.5477246599089,27287522.4243164,24867.8084818198
150,41,051,006701,67.01,41051006701,41051006701,Oregon,Multnomah County,-1.19886706789007,6.36210568969585,20821529.4866769,45467.4871665849,-1.70432168907439,19948005.9306641,20073.8527235525
151,41,051,006702,67.02,41051006702,41051006702,Oregon,Multnomah County,-1.38012423366308,5.79956390806775,16816506.4552986,49087.7947632617,-2.29714687569936,14922791.4287109,20348.8870727119
152,41,051,007202,72.02,41051007202,41051007202,Oregon,Multnomah County,1.11028187912986,10.1621476265694,131668566.795475,15603.6167845309,2.63427055690199,367573886.735352,119523.958970763
153,41,051,010410,104.1,41051010410,41051010410,Oregon,Multnomah County,1.52490675975028,8.82612859375235,8135704.83391878,18582.088095013,1.48653141304856,19071659.5439453,17791.4768152671
154,41,051,002903,29.03,41051002903,41051002903,Oregon,Multnomah County,-0.133315712997545,7.83760901522224,36762092.7797335,51057.0296320396,0.0323089924498116,31364076.2792969,22097.9939952071
155,41,051,007800,78,41051007800,41051007800,Oregon,Multnomah County,0.917656610640075,8.35730093459249,8397797.40018758,30352.3777479364,0.852007899331775,12052038.0322266,25564.7896381647
156,41,051,008800,88,41051008800,41051008800,Oregon,Multnomah County,2.24166922798323,7.81314511768466,9803510.06807735,24066.2666578777,0.740196696914511,17744374.5834961,19789.3455959812
157,41,051,009502,95.02,41051009502,41051009502,Oregon,Multnomah County,4.20732379680548,8.76793354063594,4054853.67599642,10007.4937006678,2.25687469531372,17649714.1391602,17761.541278132
158,41,051,004300,43,41051004300,41051004300,Oregon,Multnomah County,-7.53091516873546,6.09172702005883,789605621.689823,113137.148577112,-3.9120265864689,304013465.34082,120537.852379701
159,41,051,000200,2,41051000200,41051000200,Oregon,Multnomah County,2.14658670034684,8.98921870999073,11772136.8082227,20001.1944273666,1.83363257028126,25638179.3823242,28029.3668841787
160,41,051,000301,3.01,41051000301,41051000301,Oregon,Multnomah County,-0.10994826357337,8.20409800144721,17944028.4842416,31192.4353256438,0.389363804084957,25058697.0722656,22790.4724436334
161,41,051,009904,99.04,41051009904,41051009904,Oregon,Multnomah County,2.56493782613929,7.59241929804597,4929403.74066158,15425.98220034,0.629018145246856,13919684.0151367,17857.8582154687
162,41,051,009906,99.06,41051009906,41051009906,Oregon,Multnomah County,-7.10539558348429,5.83424958367705,108884016.06045,92289.0040118924,-4.02680683061118,51392765.5454102,29341.552421237
163,41,051,010600,106,41051010600,41051010600,Oregon,Multnomah County,0.793447638107043,8.55225351056964,4527133.60455862,15001.1674630735,0.999871722012764,13145771.1669922,14731.8517851004
164,41,051,002303,23.03,41051002303,41051002303,Oregon,Multnomah County,3.51283641973623,7.70964280568866,5390787.55785608,9958.3342999549,1.03277430622002,23580517.4472656,23280.3551031973
165,41,051,002203,22.03,41051002203,41051002203,Oregon,Multnomah County,2.07569274902344,7.71798941120389,6882708.50204573,19744.6776189148,0.598255507847617,15184383.0195313,18355.279022136
166,41,051,000302,3.02,41051000302,41051000302,Oregon,Multnomah County,-1.5124677804469,7.54731179636842,32864979.0823144,41374.2756847748,-0.66944792660536,34601169.1484375,24868.3187780815
167,41,051,000401,4.01,41051000401,41051000401,Oregon,Multnomah County,2.09702552304985,8.47006206257225,8295624.26776027,24749.9781062304,1.32277227929335,14600309.6723633,16324.9734363134
168,41,051,000402,4.02,41051000402,41051000402,Oregon,Multnomah County,3.2373638138393,9.39851040200904,5837609.8962192,20183.060566671,2.56019610581341,12598993.8344727,15566.5484061198
169,41,051,000501,5.01,41051000501,41051000501,Oregon,Multnomah County,3.81038041050113,8.9044658958191,4774704.40606608,17129.1304629009,2.26499596394333,12142244.8115234,14801.8790817952
170,41,051,000502,5.02,41051000502,41051000502,Oregon,Multnomah County,4.33081136482263,9.33878062041522,7610375.5202722,21437.422011675,2.83984147710077,15463982.6196289,19523.4719354654
171,41,051,000601,6.01,41051000601,41051000601,Oregon,Multnomah County,3.89727698169626,9.44115831045124,9396984.4467528,18705.8854506993,2.8040916767139,21882556.2348633,19674.2742889876
172,41,051,000602,6.02,41051000602,41051000602,Oregon,Multnomah County,4.88371999160103,8.81204720126384,5699342.47052493,13907.3249603156,2.50724452330171,17851263.7285156,20644.0146507469
173,41,051,000701,7.01,41051000701,41051000701,Oregon,Multnomah County,3.33901490587177,9.01354466575375,6489348.70731023,18440.5315576161,2.22399524954098,15329059.0429688,16248.7343211579
174,41,051,000702,7.02,41051000702,41051000702,Oregon,Multnomah County,3.85080784680892,9.41654119401608,5851290.541235,16816.4161401028,2.76628399434291,15156748.3334961,16648.3596715379
175,41,051,000801,8.01,41051000801,41051000801,Oregon,Multnomah County,2.3234709811858,7.75314814958621,8080599.41571093,20978.6507618986,0.708108194747759,16778527.4799805,17578.6547990038
176,41,051,000802,8.02,41051000802,41051000802,Oregon,Multnomah County,3.04980697321908,8.32968622682237,7540216.70754789,22923.2061825385,1.48212065357153,14328353.6005859,17236.3063364819
177,41,051,000901,9.01,41051000901,41051000901,Oregon,Multnomah County,1.94277453593797,8.01418284754841,6888263.93873186,24733.9385866982,0.840085033123076,12131215.4829102,14001.5584165591
178,41,051,000902,9.02,41051000902,41051000902,Oregon,Multnomah County,3.02566872054724,7.60060649062135,5383492.38136887,21753.6193824972,0.778689742851714,10780040.7133789,14142.6650393202
179,41,005,023002,230.02,41005023002,41005023002,Oregon,Clackamas County,-4.52733078076024,6.43488582863782,594904035.442578,49299.9204206645,-2.65965500574285,527608656.417969,139587.598462474
180,41,051,001000,10,41051001000,41051001000,Oregon,Multnomah County,3.84277261490909,8.7725592942217,10058981.3590856,16126.7599640115,2.14904775144272,27170316.2558594,20723.5429194881
181,41,051,001101,11.01,41051001101,41051001101,Oregon,Multnomah County,4.67513454284273,8.75607250474891,2811119.93492969,6804.19961368496,2.38958755860037,17996587.0571289,23082.2717890291
182,41,051,001102,11.02,41051001102,41051001102,Oregon,Multnomah County,4.50575298457951,8.23459049506482,3227873.03387568,15746.0474274977,1.83961554056265,8929614.38916016,12352.5615132628
183,41,051,001201,12.01,41051001201,41051001201,Oregon,Multnomah County,1.20957097089673,7.00745647492986,8150273.22493951,35563.3542247008,-0.346711093215433,9982912.71728516,12828.3078365151
184,41,005,022907,229.07,41005022907,41005022907,Oregon,Clackamas County,4.90959335282401,8.82321450991196,4181660.62647581,11033.2140930463,2.52587136381911,16509524.3178711,17975.2027487673
185,41,005,022904,229.04,41005022904,41005022904,Oregon,Clackamas County,2.28018858200227,8.58321022421946,19645305.2991375,29970.9689117973,1.48718117485233,28552610.1083984,31224.6419544285
186,41,005,022905,229.05,41005022905,41005022905,Oregon,Clackamas County,-0.817972526254902,8.3393218632562,64362539.8201989,29307.3717063985,0.300456279589228,95663026.4365234,44801.8801852118
187,41,005,023001,230.01,41005023001,41005023001,Oregon,Clackamas County,-5.99952997070304,6.43821485650188,425705927.605174,69278.1768921138,-3.10975707139483,267670840.883301,91140.1580025047
188,41,005,023403,234.03,41005023403,41005023403,Oregon,Clackamas County,-5.02693049502582,6.24209750629525,99681240.9243001,44285.2939930128,-2.99751919514318,98048673.1391602,54414.7659411414
189,41,005,023404,234.04,41005023404,41005023404,Oregon,Clackamas County,-5.18345605838803,6.49130367222988,201616014.649926,60765.8397226215,-2.80781350936994,144528447.530273,79512.6869396448
190,41,067,033302,333.02,41067033302,41067033302,Oregon,Washington County,-2.65638813317595,7.87199482032504,377531783.888414,29920.8144899723,-0.711702115414489,743390703.022461,134416.945535307
191,41,005,024200,242,41005024200,41005024200,Oregon,Clackamas County,,,,,,1034308752.8667,213146.245762355
192,41,005,024000,240,41005024000,41005024000,Oregon,Clackamas County,,,,,,6802522123.29858,470615.706207744
193,41,005,024302,243.02,41005024302,41005024302,Oregon,Clackamas County,-8.76052195260041,6.02786521030525,140573777.882304,79853.4446781033,-4.35157827306658,2892280136.38623,311195.414504557
194,41,005,023901,239.01,41005023901,41005023901,Oregon,Clackamas County,,,,,,65593190.3786621,34676.1834811633
195,41,005,024303,243.03,41005024303,41005024303,Oregon,Clackamas County,,,,,,148337538.871582,92378.2202733559
196,41,005,024304,243.04,41005024304,41005024304,Oregon,Clackamas County,-11.5087692355477,6.19958518531192,489945435.952175,112057.099761741,-5.0338163270729,6982812394.63623,499431.950775061
197,41,067,031909,319.09,41067031909,41067031909,Oregon,Washington County,-0.947760377088776,6.44679590090189,28249856.4310186,40594.3527339017,-1.54616013117735,30313664.4506836,26511.001044439
198,41,067,031812,318.12,41067031812,41067031812,Oregon,Washington County,2.0782356262207,7.47333261577871,8672537.5706267,25363.9921012117,0.365482558067876,14894173.1801758,19426.1553765579
199,41,067,031912,319.12,41067031912,41067031912,Oregon,Washington County,0.820601658500678,8.21307613018014,26229811.0266066,36162.8316773354,0.68444451015923,31595159.6035156,25752.0738559463
200,41,067,031616,316.16,41067031616,41067031616,Oregon,Washington County,6.01266415054734,7.47024408993858,2700823.96166052,13702.9646108995,1.57391775608547,8585578.38232422,12955.5924135449
201,41,067,031609,316.09,41067031609,41067031609,Oregon,Washington County,2.70683543411727,7.59662987895337,42132980.3113315,30080.7590447621,0.676726979095362,61012835.6191406,33559.3228864878
202,41,067,032700,327,41067032700,41067032700,Oregon,Washington County,-2.17967065343498,7.09643737792558,644437204.852764,39194.6395488507,-1.30529183214845,2355101711.37939,282260.654645084
203,41,067,031509,315.09,41067031509,41067031509,Oregon,Washington County,-2.63516980633371,6.93751214102328,151848451.103665,32124.9195863753,-1.5972511588023,205899900.063477,68564.6895261035
204,41,067,031514,315.14,41067031514,41067031514,Oregon,Washington County,1.85293186789671,7.21226293029669,12393249.533832,18211.7911099003,0.0468890088476134,29642876.7939453,26734.4503798727
205,41,051,010305,103.05,41051010305,41051010305,Oregon,Multnomah County,-1.59094800169786,7.33136292181133,30635557.9222301,39415.1558119071,-0.899761988460359,33857147.5366211,34441.7557873051
206,41,051,009101,91.01,41051009101,41051009101,Oregon,Multnomah County,2.74454930493841,9.62138328387636,10470799.6365162,26634.80056453,2.62122227587277,17124512.4453125,20028.7312626683
207,41,051,009804,98.04,41051009804,41051009804,Oregon,Multnomah County,2.99735645022555,9.12031849318295,7684998.98695063,26773.0398450874,2.22073008744451,12503567.7460938,14320.8089852015
208,41,051,010100,101,41051010100,41051010100,Oregon,Multnomah County,0.813188344596022,8.40787391588111,37847068.3705524,29488.8758623054,0.868121149022277,55906440.8774414,34016.7855520386
209,41,051,009606,96.06,41051009606,41051009606,Oregon,Multnomah County,3.04123105678812,8.81851897821027,8556501.09639839,28385.1519726236,1.94613293401179,13130848.7246094,15199.1950332508
210,41,051,009702,97.02,41051009702,41051009702,Oregon,Multnomah County,3.38871805469466,9.20034482016611,13144259.3717659,20169.997487464,2.41762290441179,28386908.1010742,21355.8593540331
211,41,051,009801,98.01,41051009801,41051009801,Oregon,Multnomah County,2.38290077625907,9.76361865184901,10550972.4592745,16281.1830316307,2.64565483704812,28228925.5327148,21263.8301060361
212,41,051,010001,100.01,41051010001,41051010001,Oregon,Multnomah County,4.28798700301686,8.58084543098289,10773243.2061515,15142.8624431995,2.10311105825525,30990337.1660156,24139.5391250497
213,41,051,010303,103.03,41051010303,41051010303,Oregon,Multnomah County,0.73232203894129,8.07264363819782,20954799.6866605,15830.5602829609,0.523203228079071,57660053.7329102,42057.0385305173
214,41,051,010405,104.05,41051010405,41051010405,Oregon,Multnomah County,3.76165337320101,8.53303493379508,9713997.21692658,18480.3016736094,1.89541536740227,22896902.6123047,21308.0224666431
215,41,051,010409,104.09,41051010409,41051010409,Oregon,Multnomah County,-1.46804029800459,7.31499855445554,39798079.869161,27225.9480376982,-0.877541408897287,63674702.5131836,41377.4543203437
216,41,051,006404,64.04,41051006404,41051006404,Oregon,Multnomah County,-3.20708646805155,5.97464071920018,41150306.5477112,59862.3779058858,-2.69252305014773,29943801.2973633,27836.3634706357
217,41,051,009905,99.05,41051009905,41051009905,Oregon,Multnomah County,-1.27093372540708,7.36140737098003,18461830.2962077,47099.2775682673,-0.772550554991625,17074513.0756836,21678.2459119195
218,41,051,009907,99.07,41051009907,41051009907,Oregon,Multnomah County,-5.85844954225478,6.30185317862555,143096131.772189,69335.3375732126,-3.19649385867348,89900286.6704102,56528.1944134989
219,41,051,010411,104.11,41051010411,41051010411,Oregon,Multnomah County,3.58127151889566,7.87768032935358,4642284.55795221,16127.5513364088,1.21425809390607,12538660.2641602,15002.1877991149
220,41,051,006403,64.03,41051006403,41051006403,Oregon,Multnomah County,-0.966557606396994,6.28952304703152,21340698.286997,45547.9089442327,-1.7020845187146,20409294.5029297,20293.1230103429
221,41,067,031513,315.13,41067031513,41067031513,Oregon,Washington County,0.751099443013689,7.02177765174492,35537133.4475121,28300.387734907,-0.474199959253364,54698803.3188477,33583.4964873788
222,41,067,030101,301.01,41067030101,41067030101,Oregon,Washington County,-2.98417361574777,6.43817520910755,73543846.106498,53619.3813786719,-2.18138735708635,59746485.0063477,36627.9063094058
223,41,051,000100,1,41051000100,41051000100,Oregon,Multnomah County,-2.95534710839221,7.62498871926011,40184611.8195441,27711.5248984866,-1.03954812954139,63166551.996582,38138.684501628
224,41,067,030102,301.02,41067030102,41067030102,Oregon,Washington County,-2.2213299477889,6.49224888223874,45807823.233398,49369.2058753965,-1.89489285153349,40417675.2299805,35757.1406118155
225,41,067,031615,316.15,41067031615,41067031615,Oregon,Washington County,4.22356068682508,7.88582910521809,10779185.944918,20586.156349504,1.41979356641518,22808593.9594727,19284.2369760559
226,41,067,032408,324.08,41067032408,41067032408,Oregon,Washington County,2.25493562940865,7.62657004693885,26299211.2645301,33154.9657883871,0.566171806000576,34552697.7177734,26892.8355609712
227,41,067,032608,326.08,41067032608,41067032608,Oregon,Washington County,4.32099232314573,8.54623151474206,20047215.9098317,11863.9295146616,2.08022980509788,73606018.6464844,39103.2371027735
228,41,067,032610,326.1,41067032610,41067032610,Oregon,Washington County,4.53028999407267,8.96805923676012,5087549.8581341,19600.1265083612,2.54735908715853,11306745.8266602,17416.9829517786
229,41,067,031805,318.05,41067031805,41067031805,Oregon,Washington County,1.18967688272261,6.44433749988989,35641707.7950604,42984.8079658296,-0.890404697967661,36118635.515625,30855.9280755103
230,41,067,031814,318.14,41067031814,41067031814,Oregon,Washington County,0.763901555302675,6.34146671091314,20444680.164715,43234.9701079276,-1.11970119548654,20598375.6787109,20483.0816531502
231,41,067,032407,324.07,41067032407,41067032407,Oregon,Washington County,0.170820111590656,8.08493017078735,27900758.9973343,48241.451271942,0.362049682436123,25193207.8300781,25644.198056689
232,41,067,032108,321.08,41067032108,41067032108,Oregon,Washington County,-1.26751265838882,6.96018030742804,41595980.0765618,41780.362431615,-1.15451925852169,43367758.6591797,29893.9424259085
233,41,067,033301,333.01,41067033301,41067033301,Oregon,Washington County,3.76115105520719,8.1294938848833,9827792.34959032,14910.8855778911,1.51002968853565,28710473.1743164,25234.8376872071
234,41,067,031815,318.15,41067031815,41067031815,Oregon,Washington County,0.277723176897734,6.47889575594292,25573309.809209,40043.0089516834,-1.13819876557693,27819418.9326172,25679.2296815998
235,41,067,031617,316.17,41067031617,41067031617,Oregon,Washington County,4.22922822336356,7.85279793607898,14560600.0502427,21305.5579081678,1.39000612946891,29769680.6972656,27076.3451258482
236,41,067,032110,321.1,41067032110,41067032110,Oregon,Washington County,-0.983774501013601,7.3582852799834,100023203.791023,34689.4512471267,-0.687116628303326,125600436.785645,54900.2978394608
237,41,067,032109,321.09,41067032109,41067032109,Oregon,Washington County,0.503258223496252,7.04197115324454,12319930.5532196,31000.9668620217,-0.53123131908914,17310947.3398438,22262.1678395623
238,41,067,032003,320.03,41067032003,41067032003,Oregon,Washington County,3.22332900076201,8.95650406503967,16661151.5899219,13756.0361914601,2.13392387735288,52759360.7299805,35846.1969289617
239,41,067,032004,320.04,41067032004,41067032004,Oregon,Washington County,0.456163549851022,7.24406626418712,11561590.6994243,35927.5492545795,-0.352806078255275,14017734.0102539,20341.7334787778
240,41,067,032107,321.07,41067032107,41067032107,Oregon,Washington County,-1.13578666054116,7.82611176589782,51511335.58527,35070.3634109076,-0.287320524138181,63980902.4135742,48212.6945149851
241,41,067,032104,321.04,41067032104,41067032104,Oregon,Washington County,-0.258776448357677,7.73848564198239,23605223.868899,24323.0957120727,-0.100945316965214,42274365.1845703,37732.2752574774
242,41,067,032410,324.1,41067032410,41067032410,Oregon,Washington County,4.52925176835677,8.2587356615737,9063578.1586847,22447.4296103969,1.86990027324974,17588178.9501953,20872.8420784152
243,41,067,031512,315.12,41067031512,41067031512,Oregon,Washington County,2.98681788814234,7.88740920602066,11558027.1355041,20652.7604783493,1.04051733817381,24377738.7788086,21556.6346990024
244,41,067,032502,325.02,41067032502,41067032502,Oregon,Washington County,0.295105806665474,8.27785392221604,11836619.2833892,14008.4105929227,0.584486540901138,36806678.8730469,35882.1631283826
245,41,067,032501,325.01,41067032501,41067032501,Oregon,Washington County,1.3181454533056,8.69375396434744,20524889.456188,16374.8948837051,1.29650268126056,54599683.6367188,42859.6891282014
246,41,067,032409,324.09,41067032409,41067032409,Oregon,Washington County,3.53770879131307,8.12343585244063,7196052.12860694,27446.0233089579,1.43545018743871,11420962.1694336,16767.4652005613
247,41,067,032606,326.06,41067032606,41067032606,Oregon,Washington County,4.37809252355853,8.52752123512784,13569269.6628979,20899.5100127788,2.07994923502577,28281874.4086914,25435.8383636327
248,41,067,031614,316.14,41067031614,41067031614,Oregon,Washington County,4.75626246608905,8.07015132505951,7210637.3573068,20206.85962396,1.75976768821102,15543995.0786133,16860.2739911947
249,41,005,023700,237,41005023700,41005023700,Oregon,Clackamas County,-5.0168987422204,6.45906902509271,484529562.456739,50728.2855012007,-2.78730370437384,1090612544.79541,180853.560116209
250,41,005,020100,201,41005020100,41005020100,Oregon,Clackamas County,-4.61700520252618,6.37504986382182,95345786.3357078,80832.69567268,-2.7443861493425,51380965.2368164,36990.5098925739
251,41,005,020200,202,41005020200,41005020200,Oregon,Clackamas County,-4.34028358924099,6.88527278827587,95309011.4170365,56933.599410799,-2.17211308600339,72921089.0712891,48900.2699469294
252,41,005,020302,203.02,41005020302,41005020302,Oregon,Clackamas County,-1.55166715231334,7.85524318784876,49190166.3992573,57639.5531779791,-0.387557648032171,37174531.515625,27255.2201639765
253,41,067,033200,332,41067033200,41067033200,Oregon,Washington County,1.08223580774853,8.31001008536661,30365640.3733572,13794.3332667991,0.85753560404629,95889168.1376953,51777.0275430572
254,41,067,032800,328,41067032800,41067032800,Oregon,Washington County,0.0369583774016952,8.29069478922441,141533481.162882,8848.62070319052,0.517262949245466,696741096.718262,147525.103449723
255,41,067,032001,320.01,41067032001,41067032001,Oregon,Washington County,-0.423318857349263,8.17477377042732,77170831.5120983,37601.7383849675,0.264885454346187,89399085.3452148,68642.8328753494
256,41,005,020404,204.04,41005020404,41005020404,Oregon,Clackamas County,-4.31888512740404,6.11377364164075,45302565.7551616,49066.4061880478,-2.90201825177247,40218545.4414063,35045.4136571608
257,41,005,020501,205.01,41005020501,41005020501,Oregon,Clackamas County,-4.7444673485804,6.25195650353566,213646222.366461,66120.0872643209,-2.90113906658157,140750393.480469,57825.113026838
258,41,005,020504,205.04,41005020504,41005020504,Oregon,Clackamas County,-3.36594016176392,5.99225379080919,71749122.2421331,44810.6690496821,-2.72461910747023,69746590.4780273,44446.0890808286
259,41,005,020600,206,41005020600,41005020600,Oregon,Clackamas County,-1.99804447174608,6.27649826447247,89104733.7108098,51335.5572900282,-2.03210606145473,75608446.6220703,37868.1639120523
260,41,005,020700,207,41005020700,41005020700,Oregon,Clackamas County,-1.80291914741252,7.09792897108,31968357.3312863,34893.0464786077,-1.18786871016018,39908853.5224609,37505.4784826837
261,41,067,031504,315.04,41067031504,41067031504,Oregon,Washington County,2.0325360916279,7.80881155513176,20479610.6305127,21333.0979868538,0.671669102975404,41817261.0795898,31049.8785884258
262,41,067,031611,316.11,41067031611,41067031611,Oregon,Washington County,2.90443982189487,7.69650386922841,25270198.6649418,23542.4660708824,0.832910383802926,46756771.8945313,31967.9913431387
263,41,067,031705,317.05,41067031705,41067031705,Oregon,Washington County,3.47605669310661,7.50120602892361,11069051.5110455,27079.2115080828,0.82247078931651,17805829.6396484,19640.3566241449
264,41,067,031610,316.1,41067031610,41067031610,Oregon,Washington County,4.22643279050542,8.13113889551313,16406012.3549117,23646.013720784,1.65485711797882,30222676.2006836,26837.1663891468
265,41,067,031511,315.11,41067031511,41067031511,Oregon,Washington County,3.2885858854895,7.5765392126039,8931625.38211739,22327.1289465947,0.836664872897021,17425507.3959961,18652.615713988
266,41,067,031612,316.12,41067031612,41067031612,Oregon,Washington County,3.07541102431427,7.56009991347019,7380074.82559499,28441.6186316121,0.755336401450617,11303014.1103516,15450.2609023961
267,41,005,023100,231,41005023100,41005023100,Oregon,Clackamas County,-5.40514750075474,6.76136567627198,1134390206.06764,57741.0903545626,-2.61826241349828,1057453650.69336,158088.478099749
268,41,067,031403,314.03,41067031403,41067031403,Oregon,Washington County,1.3917589177601,8.32110923754446,18869235.8651634,29785.4679010247,0.963431194884333,27595464.168457,23748.1563768592
269,41,067,032103,321.03,41067032103,41067032103,Oregon,Washington County,-2.59040069783388,7.19025924428482,179254651.037333,42999.987493948,-1.34218794972709,181657111.769531,79188.7883220246
270,41,005,020800,208,41005020800,41005020800,Oregon,Clackamas County,1.15050525113927,7.69177527426081,26955988.1199368,25404.1172992203,0.288371903564739,46220960.5961914,34162.3417613425
271,41,005,020900,209,41005020900,41005020900,Oregon,Clackamas County,0.885997049677396,7.34936743992603,13963865.5438834,32018.7107336028,-0.119939985409859,18997201.8535156,19879.4366308008
272,41,005,021000,210,41005021000,41005021000,Oregon,Clackamas County,1.36189377847558,8.1877822637993,18744435.8657875,30851.5413490719,0.826958447769672,26465696.2026367,21284.7149252612
273,41,005,021100,211,41005021100,41005021100,Oregon,Clackamas County,2.03905032567011,7.57097508352529,17552426.8446854,28646.3692001974,0.446629769282506,26690419.9702148,24592.2149775478
274,41,005,021200,212,41005021200,41005021200,Oregon,Clackamas County,-0.755718801960801,6.9010784214252,17785325.5207604,31480.7124867108,-1.05336166890802,24609629.9023438,23693.8198315488
275,41,005,021500,215,41005021500,41005021500,Oregon,Clackamas County,1.61987581503287,8.29893539545781,49216265.577608,32250.8763163505,1.01249908523991,66474480.4804688,42106.7619783015
276,41,067,030300,303,41067030300,41067030300,Oregon,Washington County,-1.34504424813625,6.51510067814214,39297412.2643024,48744.247588373,-1.6032755560756,35117888.5932617,27285.0558284236
277,41,067,030401,304.01,41067030401,41067030401,Oregon,Washington County,3.54384652004893,8.09784082025814,26175613.354162,25585.6154092987,1.41290625357233,44564477.5932617,32630.2376795463
278,41,067,030402,304.02,41067030402,41067030402,Oregon,Washington County,-1.13059138367885,7.40240192836952,31259495.7758038,41999.2332151924,-0.69020561464304,32421150.5737305,25718.0229923809
279,41,067,030501,305.01,41067030501,41067030501,Oregon,Washington County,-0.345672693112954,7.31072547859806,34591262.9801,39280.7506210041,-0.536051304827112,38359634.4716797,26100.9811218789
280,41,067,030600,306,41067030600,41067030600,Oregon,Washington County,0.195128000017935,7.06490318130076,31875001.9016344,41600.9064579452,-0.604210979900401,33376073.3950195,24645.5099848939
281,41,067,031300,313,41067031300,41067031300,Oregon,Washington County,3.09343715986076,8.33380342371223,23452348.6265611,25446.8124235544,1.49948447477716,40145860.5268555,29803.4874093134
282,41,005,021601,216.01,41005021601,41005021601,Oregon,Clackamas County,2.97532542489043,8.59151552588668,11877692.735791,19238.0309816955,1.70913750810373,26894240.387207,21372.274436417
283,41,067,032005,320.05,41067032005,41067032005,Oregon,Washington County,3.57801827641729,7.88835999763797,16834140.6370432,20949.2436577233,1.22345153823575,35003415.1743164,29552.1207487097
284,41,067,030806,308.06,41067030806,41067030806,Oregon,Washington County,2.68636597668961,8.04638247301193,14336950.4397006,25360.9531256087,1.09977036211518,24625158.1220703,22000.3296372957
285,41,067,032607,326.07,41067032607,41067032607,Oregon,Washington County,5.12139737105858,8.2503307091897,12789488.9198342,8229.57497052647,2.0441942562919,67696092.4472656,39643.7578112095
286,41,067,032609,326.09,41067032609,41067032609,Oregon,Washington County,3.17451415229682,8.63073586078751,6749637.8010744,19104.9313339491,1.80790712745392,15389439.6298828,18789.0533847565
287,41,067,033101,331.01,41067033101,41067033101,Oregon,Washington County,-0.245716136494191,8.47159927052398,24152326.9169441,15561.8958083527,0.602925632598309,67605852.4980469,40542.0794690904
288,41,067,033102,331.02,41067033102,41067033102,Oregon,Washington County,0.245087758861895,9.39350220356359,35834435.8447557,19101.9381363406,1.6341138498392,81716725.6772461,79285.7765583298
289,41,067,032901,329.01,41067032901,41067032901,Oregon,Washington County,0.929893320135047,8.22255885007421,51200269.0130041,18007.4502325327,0.727147120623657,123853372.432617,74409.8966017274
290,41,005,022103,221.03,41005022103,41005022103,Oregon,Clackamas County,0.241178393450861,7.12404682596567,36401897.5483802,39771.5804313076,-0.533572282976299,39869334.9765625,28597.3450652493
291,41,005,020304,203.04,41005020304,41005020304,Oregon,Clackamas County,-0.710137065550902,7.90100184196077,29188663.7696057,48480.9664179973,-0.0847738715460811,26225922.1367188,21009.0008825432
292,41,005,024100,241,41005024100,41005024100,Oregon,Clackamas County,,,,,,2944374436.07642,282130.4373752
293,41,005,023500,235,41005023500,41005023500,Oregon,Clackamas County,-5.86991515804908,6.7385676664701,329939819.98445,63772.9819237064,-2.78312477747913,1021134651.9873,204073.285073549
294,41,005,020303,203.03,41005020303,41005020303,Oregon,Clackamas County,-2.04644113079744,6.14529868033984,33554553.5928885,58596.6872731908,-2.17225367383373,24944006.9018555,22254.9736208711
295,41,005,021801,218.01,41005021801,41005021801,Oregon,Clackamas County,-0.552413362556084,7.00716636910317,40294743.6991643,43461.5031089767,-0.889490940449262,40386058.5957031,27150.6236453379
296,41,005,021802,218.02,41005021802,41005021802,Oregon,Clackamas County,2.39937441253662,7.83167402514287,11799332.3897889,26589.792911391,0.806441230650583,19329930.8237305,20198.6691729471
297,41,005,020503,205.03,41005020503,41005020503,Oregon,Clackamas County,-4.58791569969206,6.10218674167231,34792094.8296065,59404.0694031135,-2.99591208468338,25512451.7143555,22906.468871578
298,41,005,023201,232.01,41005023201,41005023201,Oregon,Clackamas County,-5.44093428901438,6.50473965296734,359646108.156523,55205.7712325698,-2.87426294795546,283777985.05127,67305.7006462995
299,41,005,023600,236,41005023600,41005023600,Oregon,Clackamas County,-7.6506667476961,5.85433496323012,4786826.36421272,49339.7674670832,-4.17551804874089,1345483677.05322,222378.080758488
300,41,067,032406,324.06,41067032406,41067032406,Oregon,Washington County,3.82623124793591,7.93476060688112,20600049.5255117,21725.1799729883,1.34416986733802,41304056.0449219,33837.0044105049
301,41,067,032200,322,41067032200,41067032200,Oregon,Washington County,-4.19934974293057,6.43630737543951,1151292407.99045,54432.6438207484,-2.55731484488444,921580188.523926,205365.357597776
302,41,067,032300,323,41067032300,41067032300,Oregon,Washington County,-1.28044401337512,7.80538149003794,309861150.340957,25472.3237743695,-0.351649204709451,529890801.330566,156608.528479451
303,41,067,032603,326.03,41067032603,41067032603,Oregon,Washington County,-0.135557042817013,8.23922843815075,99929881.5334665,22623.3963142939,0.415015485677435,192409002.274902,84106.5374832005
304,41,067,032404,324.04,41067032404,41067032404,Oregon,Washington County,1.7041068925235,8.16638531218738,37432665.1711286,40877.2297543816,0.911897421880703,39889363.9418945,28283.8989033966
305,41,067,032503,325.03,41067032503,41067032503,Oregon,Washington County,0.421434934759624,8.13241696363293,25818134.3928414,27222.5081016099,0.484544424962873,41312791.5356445,39817.3190211533
306,41,005,020401,204.01,41005020401,41005020401,Oregon,Clackamas County,-2.27190898194077,8.07738788669868,62235775.2293714,62790.884108646,-0.397249934742216,43174898.3540039,31126.9164686517
307,41,067,031606,316.06,41067031606,41067031606,Oregon,Washington County,2.25123578756004,7.93851749129639,19988656.1814957,33136.7777027355,0.862825977545293,26276114.2231445,22385.8119746629
308,41,067,031613,316.13,41067031613,41067031613,Oregon,Washington County,0.22221939955805,8.23471674432514,59357746.3125762,51703.9068974387,0.520865418145949,50008273.2851563,37578.4205542909
309,41,005,022500,225,41005022500,41005022500,Oregon,Clackamas County,-2.10832385346473,6.42492197026214,85862092.0618282,59887.9619082347,-1.92437111024379,62452488.8745117,46371.9826632782
310,41,005,022901,229.01,41005022901,41005022901,Oregon,Clackamas County,-2.10362200866699,7.43299168265014,159883572.405624,28278.6553374555,-0.960593284555524,267317675.547363,90415.8522482693
311,41,005,022702,227.02,41005022702,41005022702,Oregon,Clackamas County,-4.00162631985838,6.4855678548373,651207805.966784,49580.4529265491,-2.449411793717,572132904.074707,118395.394213157
312,41,005,023202,232.02,41005023202,41005023202,Oregon,Clackamas County,-4.62904290709277,6.55477752937036,322550506.867551,57829.3518541468,-2.5765196662111,242961365.693848,72762.6083915338
313,41,005,021700,217,41005021700,41005021700,Oregon,Clackamas County,-0.219807700957021,8.03965052184838,46222330.3990468,37679.3373106666,0.198552898020477,53436302.0649414,41644.3531033204
314,41,005,021900,219,41005021900,41005021900,Oregon,Clackamas County,2.99561105232328,8.57685269714267,9082431.99220568,23904.2955205155,1.70138578749053,16550610.4296875,19154.3463234253
315,41,005,022000,220,41005022000,41005022000,Oregon,Clackamas County,2.12653334931539,7.14297994344768,29133414.5749993,32664.784785169,0.0649896484459354,38850750.1518555,30764.5247923737
316,41,005,021400,214,41005021400,41005021400,Oregon,Clackamas County,-0.852075698262787,6.8794848201648,36945241.8375558,44859.1524122447,-1.10364312322094,35875277.5478516,37068.6021418987
317,41,067,031706,317.06,41067031706,41067031706,Oregon,Washington County,2.19531731029133,8.07848982294077,10772053.1740124,26563.5729906086,0.97923037224976,17664437.40625,19250.4237305703
318,41,067,031703,317.03,41067031703,41067031703,Oregon,Washington County,4.18490338998599,7.79166825351819,12572392.7953189,20958.0514049957,1.31800279606397,26130929.6010742,22174.9809138431
319,41,067,031704,317.04,41067031704,41067031704,Oregon,Washington County,2.58079621426099,7.56421236411167,23054984.5301145,29944.4776242783,0.606973744923688,33537903.4482422,23655.2751037426
320,41,067,031804,318.04,41067031804,41067031804,Oregon,Washington County,-2.86620277251556,6.33811383828483,102406514.437415,43027.758288659,-2.24058618870184,103673242.627441,54334.9815391249
321,41,067,030200,302,41067030200,41067030200,Oregon,Washington County,-0.694517287320361,6.67309270537247,56457347.3529504,48304.1793677909,-1.25215937032023,50912401.0429688,39261.4850372135
322,41,067,030801,308.01,41067030801,41067030801,Oregon,Washington County,1.1931356780991,7.60817154765429,31548956.9357326,34613.0755025742,0.22168717886015,39703850.8447266,29581.9019476229
323,41,067,031911,319.11,41067031911,41067031911,Oregon,Washington County,2.29831394610014,7.62577491157625,12941269.4795154,25785.4955286323,0.578768635148711,21861966.0249023,18523.6821215194
324,41,067,031907,319.07,41067031907,41067031907,Oregon,Washington County,0.777842673392514,7.9377704470396,40769010.8664149,34038.5341275488,0.408465183943243,52173160.1757813,51444.7562418337
325,41,067,031908,319.08,41067031908,41067031908,Oregon,Washington County,-1.5954334217199,6.82628405758938,104792102.869864,39655.0391444569,-1.38330473633052,115111308.647949,73543.6140594222
326,41,005,023800,238,41005023800,41005023800,Oregon,Clackamas County,-2.75681294770727,8.17158759100348,36526637.1449686,31249.7313658583,-0.456623000374235,2138477634.78418,258415.515670676
327,41,005,980000,9800,41005980000,41005980000,Oregon,Clackamas County,,,,,,17444566351.1838,783939.281201976
328,41,067,031005,310.05,41067031005,41067031005,Oregon,Washington County,4.15801778281315,7.85501067928927,13346329.9300239,23602.1058347958,1.37019326622579,24631957.0004883,19860.5557829499
329,41,067,030900,309,41067030900,41067030900,Oregon,Washington County,3.58918152216291,7.77384223729943,19589553.1191386,23160.5710339377,1.11756692517839,36843686.9423828,26222.5488277623
330,41,005,021300,213,41005021300,41005021300,Oregon,Clackamas County,-0.758221200520961,7.62162188678228,35776170.9690787,39401.2965041733,-0.366282183374797,39552247.0898438,30931.5071670423
331,41,005,023300,233,41005023300,41005023300,Oregon,Clackamas County,-4.34289403673473,6.8099873524604,461981313.239268,46947.3528406122,-2.24478630435879,428648310.095215,96919.1257124678
332,41,005,023401,234.01,41005023401,41005023401,Oregon,Clackamas County,-4.47310354750349,6.79414853382461,537180463.789186,44519.8910326035,-2.29999707817565,525637530.358887,126941.80374413
333,41,005,021602,216.02,41005021602,41005021602,Oregon,Clackamas County,2.32230759972501,8.24531270612957,13896687.1304668,21395.965707604,1.1775833737404,28292231.4467773,21311.7444135299
334,41,005,022101,221.01,41005022101,41005022101,Oregon,Clackamas County,2.61486518369941,7.96187925672039,20553668.5896403,25367.8403272986,0.997086739950402,35293413.9658203,32443.4872920602
335,41,005,022201,222.01,41005022201,41005022201,Oregon,Clackamas County,5.5252826975554,8.19874190817709,6006146.19325721,11936.172585507,2.11929973961006,21918893.6665039,26156.9062689193
336,41,005,022602,226.02,41005022602,41005022602,Oregon,Clackamas County,-4.81079042050294,6.58605880636243,174333079.320542,55240.3122924754,-2.60261654136459,137471126.980469,59897.1096811907
337,41,005,022400,224,41005022400,41005022400,Oregon,Clackamas County,0.0682680075611675,7.06282817745238,29025259.9887357,38250.3469545936,-0.645251156294014,33054344.9516602,34533.879143563
338,41,067,031404,314.04,41067031404,41067031404,Oregon,Washington County,2.42440488619172,7.08388605632,17019733.9320542,28515.3872339718,0.100289657441412,25999279.3105469,26601.8457959898
339,41,067,031402,314.02,41067031402,41067031402,Oregon,Washington County,2.73860580431073,9.07568311263719,35688368.7244471,34880.4552444896,2.0984524148575,44568946.9423828,30945.7302545967
340,41,067,031100,311,41067031100,41067031100,Oregon,Washington County,3.59205258864295,8.1138931377275,5002918.65881651,22322.6109818185,1.44307254103384,9762617.47998047,13269.662668882
341,41,067,031806,318.06,41067031806,41067031806,Oregon,Washington County,1.12208124723523,6.60248940506599,25277903.0000244,40837.9904517247,-0.760240915845579,26962769.5078125,28524.7321527321
342,41,067,031807,318.07,41067031807,41067031807,Oregon,Washington County,-0.367151432237683,7.12110827751488,23075068.1168198,57422.0611587851,-0.723678085003246,17504593.4970703,24183.6991554635
343,41,067,031904,319.04,41067031904,41067031904,Oregon,Washington County,0.220299181029119,6.71882144400174,18145885.0751332,40724.18573427,-0.926839777161472,19409464.9711914,18283.0824225002
344,41,067,031006,310.06,41067031006,41067031006,Oregon,Washington County,1.96979772376894,7.86558840583387,19607992.8527744,27757.520150426,0.706553081167059,30770906.737793,24694.4903279946
345,41,005,022206,222.06,41005022206,41005022206,Oregon,Clackamas County,-2.27313816037952,5.98326243194074,69596505.0605928,47760.5919937977,-2.39673624861719,63475414.8022461,33633.4633548636
346,41,005,022205,222.05,41005022205,41005022205,Oregon,Clackamas County,1.02719104144318,6.85811634838666,17167374.9179207,27782.7254418007,-0.54542868088371,26916392.8066406,31433.7393335815
347,41,005,022208,222.08,41005022208,41005022208,Oregon,Clackamas County,-4.04359548141896,6.34694898894303,165730564.199485,58757.1397103984,-2.59466306736118,122865450.821289,55165.0916531186
348,41,005,022207,222.07,41005022207,41005022207,Oregon,Clackamas County,-0.893042627011344,6.35319493486786,36714238.8419313,36666.2858543431,-1.61866688256929,43616963.5537109,26721.9385489473
349,41,067,032604,326.04,41067032604,41067032604,Oregon,Washington County,2.20983598514167,8.15457857613545,19908979.7669094,25575.597601574,1.05633692035884,33908691.4702148,37901.8193858708
350,41,067,033000,330,41067033000,41067033000,Oregon,Washington County,-2.92332991874308,7.15624676205048,1278700793.31102,35434.9571796075,-1.47716379606591,1619293275.88086,298404.868874576
351,41,067,033400,334,41067033400,41067033400,Oregon,Washington County,-1.91302442945547,7.73926858747895,91152669.0675514,34991.2866663591,-0.609529516102377,2102039576.96777,243047.525349002
352,41,067,033500,335,41067033500,41067033500,Oregon,Washington County,-3.61962133352966,7.57733020048566,226609032.550241,43740.8674370328,-1.2895697019943,2757945408.45166,318472.433111086
353,41,067,033600,336,41067033600,41067033600,Oregon,Washington County,-5.21285325462268,5.87795221767552,300187624.44378,58684.1894380229,-3.40238631700414,4242338345.98145,354836.873856901
354,41,005,022301,223.01,41005022301,41005022301,Oregon,Clackamas County,-4.74756760080083,6.74217789598671,275666717.383457,56649.6320679846,-2.43411523295227,211970321.44873,87485.5098757102
355,41,005,022302,223.02,41005022302,41005022302,Oregon,Clackamas County,-6.16390340938512,6.32331600809829,338513870.924296,73845.3690848054,-3.27005202374681,199682966.47998,74621.6903716875
356,41,005,022606,226.06,41005022606,41005022606,Oregon,Clackamas County,-2.1162999937619,6.88743351932758,60881442.9500476,46106.578693949,-1.4853010826644,57518805.2456055,41036.5875873185
357,41,067,031200,312,41067031200,41067031200,Oregon,Washington County,3.9703915481862,7.92840676949644,13259009.9353511,23002.9465206465,1.38249029394296,25108192.215332,21752.7024772574
358,41,067,031507,315.07,41067031507,41067031507,Oregon,Washington County,1.57494955199142,7.6075703833469,23599093.9857049,28560.7521922103,0.338671167296258,35992623.6694336,29866.9569125053
359,41,067,031508,315.08,41067031508,41067031508,Oregon,Washington County,-1.4767333942132,6.27448079574268,46366443.3563282,41240.2719535939,-1.8735238816185,48974508.0126953,30672.5229828684
360,41,067,030502,305.02,41067030502,41067030502,Oregon,Washington County,-1.11916980171723,6.99047578915721,24974497.4406966,51067.8485475542,-1.07992463663275,21302816.0844727,24851.0560289718
361,41,067,032902,329.02,41067032902,41067032902,Oregon,Washington County,-0.41368314624365,8.864513563186,55023695.2561097,14649.8717577701,0.926296175511872,163607704.045898,96537.2552569502
362,53,011,040511,405.11,53011040511,53011040511,Washington,Clark County,,,,,,927500401.639648,181745.747597153
363,53,011,040101,401.01,53011040101,53011040101,Washington,Clark County,,,,,,3774338834.17822,348353.105001887
364,53,011,040302,403.02,53011040302,53011040302,Washington,Clark County,,,,,,701235378.907227,136219.522486744
365,41,067,030803,308.03,41067030803,41067030803,Oregon,Washington County,3.49726512679288,7.3813256244391,12919250.2994673,24284.5322384465,0.714559698067795,23173700.6367188,25046.9805666573
366,41,067,031506,315.06,41067031506,41067031506,Oregon,Washington County,1.63031965108596,7.87871084489813,13510337.1044366,29095.4183769852,0.614557137791996,20226903.3007813,19410.9363180652
367,41,005,022605,226.05,41005022605,41005022605,Oregon,Clackamas County,-1.72890577464764,6.9810563736134,73540935.0095741,47183.6003980689,-1.27665018986545,67893139.078125,42603.3185275262
368,41,005,022603,226.03,41005022603,41005022603,Oregon,Clackamas County,1.24927388174685,7.51069348064799,19737505.6721705,21403.4115634889,0.145916591680127,40169560.4682617,31258.3258401726
369,41,005,022707,227.07,41005022707,41005022707,Oregon,Clackamas County,-1.03039139429097,7.72644138813352,149343900.925231,35124.2338410835,-0.350018037375033,185211712.717773,77434.4716164761
370,41,005,022710,227.1,41005022710,41005022710,Oregon,Clackamas County,-2.57300342262644,7.36912004141521,44968533.4657473,59440.4073872385,-1.1660861736381,32954502.9023438,30539.449546741
371,41,005,024400,244,41005024400,41005024400,Oregon,Clackamas County,0.482446396553281,7.52812298792599,47897848.9308889,32932.3960731112,-0.0735456660588693,63354942.375,32526.5097771734
372,41,005,022906,229.06,41005022906,41005022906,Oregon,Clackamas County,1.22196933180437,8.6110263917638,12102407.7005323,20717.7850057941,1.18791677121557,29613827.7602539,24291.9911763735
373,41,067,030700,307,41067030700,41067030700,Oregon,Washington County,3.19176777087147,7.38865344739119,20060526.9316472,21721.0938094265,0.627494489908869,40229854.340332,28386.48539051
374,53,011,041007,410.07,53011041007,53011041007,Washington,Clark County,,,,,,21163021.5708008,21291.9988951227
375,53,011,041600,416,53011041600,53011041600,Washington,Clark County,,,,,,29860992.8295898,30425.963523089
376,41,067,031910,319.1,41067031910,41067031910,Oregon,Washington County,0.0428875682118175,6.03984026227238,48142591.9698686,47483.508918203,-1.62963709274745,44164618.543457,38593.7017796522
377,41,067,030805,308.05,41067030805,41067030805,Oregon,Washington County,0.188983809145733,7.82920995969472,21577171.0248184,37614.5390333898,0.123524845363855,24987716.7587891,28466.7812982498
378,41,005,022800,228,41005022800,41005022800,Oregon,Clackamas County,-1.97435569274091,8.57726706025229,246239424.960442,31091.4509863952,0.171562639157607,406793929.776367,125483.798545692
379,41,005,020505,205.05,41005020505,41005020505,Oregon,Clackamas County,-4.49001547785634,7.06525802898675,63822177.9200087,64721.7370862913,-2.04639581066402,42954560.253418,35973.1841137719
380,41,005,020403,204.03,41005020403,41005020403,Oregon,Clackamas County,-5.43081426162089,6.22128992217768,75838285.920508,75333.5653017689,-3.14173571300857,43851838.2714844,34279.0186787971
381,41,005,022107,221.07,41005022107,41005022107,Oregon,Clackamas County,-1.20763253518104,7.71969749538624,59229025.6403112,52353.2235697458,-0.411027269723089,49280939.9526367,36134.5177650496
382,41,005,022105,221.05,41005022105,41005022105,Oregon,Clackamas County,1.49377624697254,7.39353789712947,41641541.6198233,36708.423346278,0.10935735868084,49413871.5664063,33552.328627945
383,41,005,022108,221.08,41005022108,41005022108,Oregon,Clackamas County,2.77726775512543,8.19579211205104,39068650.5050871,21614.0829344172,1.27038881230119,78737099.1655273,67682.8094639066
384,41,067,031003,310.03,41067031003,41067031003,Oregon,Washington County,1.16376001102801,6.67194287577993,36367413.615829,45383.3068106894,-0.68110617957144,34906322.5302734,27617.1436832982
385,41,067,031004,310.04,41067031004,41067031004,Oregon,Washington County,1.76838106885012,7.07799634656637,23541976.7915245,33397.8670137747,-0.107318054926707,30705205.7236328,24242.2305082327
386,41,067,031813,318.13,41067031813,41067031813,Oregon,Washington County,-2.3029496016298,6.18712944396827,58822516.2238943,51994.0869956766,-2.2112981150361,49280767.0654297,32037.9062959494
387,53,011,041008,410.08,53011041008,53011041008,Washington,Clark County,,,,,,27777254.8022461,22505.5436655356
388,53,011,041003,410.03,53011041003,53011041003,Washington,Clark County,,,,,,36773842.9189453,29900.8256562029
389,53,011,041005,410.05,53011041005,53011041005,Washington,Clark County,3.66468874519809,8.60704217603223,9362628.37997765,5651.98925894988,1.93620990463782,630777657.927734,148773.393397226
390,41,005,022708,227.08,41005022708,41005022708,Oregon,Clackamas County,-3.82430313713892,6.18743465945464,448859715.91679,57321.2244355114,-2.67942107864232,341313137.688477,100968.061119873
391,53,011,041325,413.25,53011041325,53011041325,Washington,Clark County,-0.75428838431062,6.5106058083615,36830285.9141493,27310.0956322874,-1.42567679525919,61825301.0209961,39117.5890949887
392,53,011,041201,412.01,53011041201,53011041201,Washington,Clark County,-0.299497918331864,7.12300946345872,43678079.5281299,39015.384260057,-0.701033108912623,48802411.7543945,33965.7468524842
393,53,011,041203,412.03,53011041203,53011041203,Washington,Clark County,,,,,,42041792.269043,31574.7900233908
394,53,011,041206,412.06,53011041206,53011041206,Washington,Clark County,5.49104034423828,7.57724533829035,12618.1494186068,2355.60475359144,1.515459597567,33352487.0444336,25116.1287806588
395,53,011,041318,413.18,53011041318,53011041318,Washington,Clark County,3.90900525429266,8.65910460717148,479123.661809101,15449.6716771406,2.06113346542939,37352461.4770508,31081.9496767389
396,53,011,041321,413.21,53011041321,53011041321,Washington,Clark County,,,,,,43029962.5864258,32158.7536628574
397,53,011,041309,413.09,53011041309,53011041309,Washington,Clark County,-1.26977184967345,6.62673078508602,32135077.6470542,47203.9524152424,-1.47353463109345,32271416.4692383,29006.8983440081
398,53,011,041310,413.1,53011041310,53011041310,Washington,Clark County,0.684772878395687,6.49854517596702,24263145.4002706,24290.156577024,-0.994113092293754,44215644.7128906,35895.5032875113
399,53,011,041700,417,53011041700,53011041700,Washington,Clark County,,,,,,12197326.3173828,17310.3025069548
400,53,011,041800,418,53011041800,53011041800,Washington,Clark County,,,,,,16143872.5083008,16382.7234318851
401,53,011,041900,419,53011041900,53011041900,Washington,Clark County,,,,,,12659732.9350586,19261.6713551753
402,53,011,040905,409.05,53011040905,53011040905,Washington,Clark County,,,,,,283839654.695801,81410.4405196687
403,53,011,040908,409.08,53011040908,53011040908,Washington,Clark County,,,,,,47191987.6328125,29936.3053332781
404,53,011,040803,408.03,53011040803,53011040803,Washington,Clark County,,,,,,40596448.5405273,28356.1156638699
405,53,011,040907,409.07,53011040907,53011040907,Washington,Clark County,,,,,,62582705.0615234,39256.0604779234
406,53,011,041110,411.1,53011041110,53011041110,Washington,Clark County,,,,,,33360298.3637695,26723.8905444281
407,53,011,040409,404.09,53011040409,53011040409,Washington,Clark County,,,,,,89122629.3330078,45302.6913523718
408,53,011,040904,409.04,53011040904,53011040904,Washington,Clark County,,,,,,45428751.0537109,34880.8403725868
409,53,011,040909,409.09,53011040909,53011040909,Washington,Clark County,,,,,,45398558.7749023,42373.1943741266
410,53,011,040710,407.1,53011040710,53011040710,Washington,Clark County,,,,,,300004461.216797,78390.6569455348
411,53,011,040709,407.09,53011040709,53011040709,Washington,Clark County,,,,,,125172839.304688,59795.8989670551
412,53,011,041105,411.05,53011041105,53011041105,Washington,Clark County,,,,,,49556111.793457,31208.3459416293
413,53,011,041107,411.07,53011041107,53011041107,Washington,Clark County,,,,,,21868578.8505859,19283.6676342863
414,53,011,041323,413.23,53011041323,53011041323,Washington,Clark County,3.97753731263887,8.08523861456029,753070.26239342,15410.7137010484,1.53440627654158,22352007.7124023,20298.3784600097
415,53,011,040608,406.08,53011040608,53011040608,Washington,Clark County,,,,,,109785161.171875,55942.0163030866
416,53,011,041328,413.28,53011041328,53011041328,Washington,Clark County,2.31422243497841,8.21721350758108,15267201.8431485,24602.7918074086,1.14826976459689,59036911.121582,39765.8415131433
417,53,011,041329,413.29,53011041329,53011041329,Washington,Clark County,4.02373303865132,8.24498187679134,8224.49896695726,1941.1032730902,1.70112479102899,34357415.1665039,24534.0731437073
418,53,011,040808,408.08,53011040808,53011040808,Washington,Clark County,,,,,,39870465.246582,29808.8501421497
419,53,011,040810,408.1,53011040810,53011040810,Washington,Clark County,,,,,,24118284.5698242,23539.3746793185
420,53,011,041011,410.11,53011041011,53011041011,Washington,Clark County,,,,,,41774446.7827148,29883.3719648255
421,53,011,041112,411.12,53011041112,53011041112,Washington,Clark County,,,,,,24284625.5361328,20315.0916356947
422,53,011,041111,411.11,53011041111,53011041111,Washington,Clark County,,,,,,8306435.09667969,13491.9116353067
423,53,011,041331,413.31,53011041331,53011041331,Washington,Clark County,,,,,,15695522.6430664,17444.3596012848
424,53,011,041330,413.3,53011041330,53011041330,Washington,Clark County,,,,,,19781410.5048828,19158.6893349212
425,53,011,041326,413.26,53011041326,53011041326,Washington,Clark County,,,,,,37484242.7709961,25151.098844037
426,53,011,040707,407.07,53011040707,53011040707,Washington,Clark County,,,,,,17829689.5454102,25013.3089542744
427,53,011,040610,406.1,53011040610,53011040610,Washington,Clark County,-0.982016972133091,3.6918456753095,200034.585314404,29726.8509351866,-4.18665626307427,32783038.9438477,30057.7860405055
428,53,011,040609,406.09,53011040609,53011040609,Washington,Clark County,-1.55977453435828,5.83338727143706,7727333.94025114,24865.5956473428,-2.32017129015677,34908880.5595703,30266.2973958997
429,53,011,042400,424,53011042400,53011042400,Washington,Clark County,4.82563297489147,7.18517306300713,256348.137019812,2200.68942523588,0.936302605161821,15778199.0102539,16818.878745769
430,53,011,040809,408.09,53011040809,53011040809,Washington,Clark County,,,,,,24599201.734375,23982.8893693929
431,53,011,041010,410.1,53011041010,53011041010,Washington,Clark County,,,,,,38497708.7080078,27983.0927067342
432,53,011,040703,407.03,53011040703,53011040703,Washington,Clark County,,,,,,52086666.0439453,30363.0578579612
433,53,011,041104,411.04,53011041104,53011041104,Washington,Clark County,,,,,,20577743.8588867,20377.8739047219
434,53,011,041317,413.17,53011041317,53011041317,Washington,Clark County,5.80474230138267,8.21612640789577,131073.950035091,7222.68328204825,2.22193914280514,31686819.309082,27196.3187897944
435,53,011,040806,408.06,53011040806,53011040806,Washington,Clark County,,,,,,37614833.2539063,25944.119348172
438,53,011,040411,404.11,53011040411,53011040411,Washington,Clark County,,,,,,22055867.5078125,24117.8015340487
439,53,011,040711,407.11,53011040711,53011040711,Washington,Clark County,,,,,,21647258.8911133,18786.0330241268
440,53,011,042000,420,53011042000,53011042000,Washington,Clark County,,,,,,7513813.99804688,13013.1316062837
441,53,011,042100,421,53011042100,53011042100,Washington,Clark County,,,,,,14166698.1953125,15159.0199718159
442,53,011,042300,423,53011042300,53011042300,Washington,Clark County,3.16597054674734,7.1121822162483,328684.225409067,9779.99356869412,0.355624910566735,12955953.4057617,14727.6132394904
443,53,011,040910,409.1,53011040910,53011040910,Washington,Clark County,,,,,,74890783.6411133,40667.3082999134
444,53,011,040412,404.12,53011040412,53011040412,Washington,Clark County,,,,,,42351784.734375,30903.29740887
445,53,011,040414,404.14,53011040414,53011040414,Washington,Clark County,,,,,,136823402.149414,54786.8379159168
446,53,011,040416,404.16,53011040416,53011040416,Washington,Clark County,,,,,,216843086.593262,82381.7102471182
447,53,011,040413,404.13,53011040413,53011040413,Washington,Clark County,,,,,,70623660.6108398,37292.3576906421
448,53,011,042900,429,53011042900,53011042900,Washington,Clark County,2.2096056854933,7.69891078607731,2263374.95585433,25238.7471980398,0.621273420521831,17372659.4306641,17795.5830106461
449,53,011,043000,430,53011043000,53011043000,Washington,Clark County,3.60866867997639,8.26470557443655,1514873.74226677,21898.4601890913,1.59215808507704,14158290.2333984,17008.9811252807
450,53,011,043100,431,53011043100,53011043100,Washington,Clark County,2.16733183239519,7.67868561294028,14315518.7927226,18817.3404146208,0.588950102559321,36367525.9746094,32131.1855968215
451,53,011,040102,401.02,53011040102,53011040102,Washington,Clark County,,,,,,579612899.437012,106902.465087602
452,53,011,040201,402.01,53011040201,53011040201,Washington,Clark County,,,,,,660846646.803223,127886.261519225
453,53,011,040403,404.03,53011040403,53011040403,Washington,Clark County,,,,,,461661767.69043,119306.719038901
454,53,011,040603,406.03,53011040603,53011040603,Washington,Clark County,,,,,,598006781.532227,133667.187644754
455,53,011,041009,410.09,53011041009,53011041009,Washington,Clark County,,,,,,26276663.2661133,21045.2019069787
456,53,011,041108,411.08,53011041108,53011041108,Washington,Clark County,,,,,,34437158.0292969,25670.1934899756
457,53,011,041319,413.19,53011041319,53011041319,Washington,Clark County,,,,,,35010631.5517578,25145.7838194695
458,53,011,041320,413.2,53011041320,53011041320,Washington,Clark County,,,,,,23955304.128418,24004.9453501721
459,53,011,040712,407.12,53011040712,53011040712,Washington,Clark County,,,,,,31423837.5195313,24478.0948223063
460,53,011,041327,413.27,53011041327,53011041327,Washington,Clark County,,,,,,79488483.4370117,53565.0719584044
461,53,011,041333,413.33,53011041333,53011041333,Washington,Clark County,,,,,,15738303.4208984,17811.7007537342
464,53,011,041400,414,53011041400,53011041400,Washington,Clark County,-5.12888103267007,6.63351966480451,108561443.832385,36677.0217655056,-2.65524706371272,140954669.456055,67150.4707929193
465,53,011,040605,406.05,53011040605,53011040605,Washington,Clark County,,,,,,233907231.023438,72910.9820750076
466,53,011,040706,407.06,53011040706,53011040706,Washington,Clark County,,,,,,20352377.1459961,22837.823178155
467,53,011,040805,408.05,53011040805,53011040805,Washington,Clark County,,,,,,137750337.274414,55460.3345807109
468,53,011,041205,412.05,53011041205,53011041205,Washington,Clark County,,,,,,26444030.8237305,27433.2310368761
469,53,011,040510,405.1,53011040510,53011040510,Washington,Clark County,,,,,,511704883.487793,107076.302924801
470,53,011,040301,403.01,53011040301,53011040301,Washington,Clark County,,,,,,314768574.607422,85741.3727995585
471,53,011,040415,404.15,53011040415,53011040415,Washington,Clark County,,,,,,38705170.9189453,26688.910091231
472,53,011,041332,413.32,53011041332,53011041332,Washington,Clark County,,,,,,17006027.8046875,18580.1866452812
473,53,011,042500,425,53011042500,53011042500,Washington,Clark County,,,,,,10087590.0039063,15711.7613520096
474,53,011,042600,426,53011042600,53011042600,Washington,Clark County,2.40702214640889,9.20690161151338,14591876.6556053,11396.4404063131,2.12162474749961,99347956.9863281,51985.0261377119
475,53,011,042700,427,53011042700,53011042700,Washington,Clark County,,,,,,11860193.9277344,14394.4599531303
476,53,011,042800,428,53011042800,53011042800,Washington,Clark County,-0.107646511346346,6.00578315014416,4629738.17388597,34249.5466465362,-1.70849732958062,26422696.1806641,33087.9851284481
478,53,011,041322,413.22,53011041322,53011041322,Washington,Clark County,4.34036871498077,8.51471605308798,4909797.31352032,14828.7282764785,2.05611016545448,23520579.3754883,22501.8701367841
479,53,011,041313,413.13,53011041313,53011041313,Washington,Clark County,,,,,,19613149.7387695,21526.4511916348
480,53,011,041312,413.12,53011041312,53011041312,Washington,Clark County,,,,,,29154438.7890625,22565.4503797423
481,53,011,040604,406.04,53011040604,53011040604,Washington,Clark County,,,,,,237803720.598145,82799.6232646676
482,53,011,040408,404.08,53011040408,53011040408,Washington,Clark County,,,,,,218749463.714355,77669.022846557
483,53,011,040407,404.07,53011040407,53011040407,Washington,Clark County,,,,,,61737018.2734375,34525.8101467376
484,53,011,040505,405.05,53011040505,53011040505,Washington,Clark County,,,,,,429293173.249023,106088.053757498
485,53,011,040507,405.07,53011040507,53011040507,Washington,Clark County,-6.3907652468075,7.9742294298598,36513278.8452255,14357.2510812571,-1.76389536611575,362465946.913086,82424.4714593806
486,53,011,040508,405.08,53011040508,53011040508,Washington,Clark County,,,,,,70162177.3217773,43148.890631379
487,53,011,040509,405.09,53011040509,53011040509,Washington,Clark County,-5.61244626726423,7.33662789208548,198325.267381354,1039.95976066057,-2.13292767152475,29126851.1674805,30949.1408515456
488,53,011,040504,405.04,53011040504,53011040504,Washington,Clark County,,,,,,2096453326.59863,287754.297338495
489,53,011,041500,415,53011041500,53011041500,Washington,Clark County,-0.704583305884857,6.49159188252575,10651037.2549565,20911.1606544226,-1.42852414148476,51628494.8862305,38456.7521794322
490,53,011,040202,402.02,53011040202,53011040202,Washington,Clark County,,,,,,757377792.5625,148689.002460963
491,53,011,040203,402.03,53011040203,53011040203,Washington,Clark County,,,,,,661864101.564453,157781.491636846
